{"cameraMode":{"drawMode":0,"name":"Shaded","section":"Shading Mode"},"sceneLighting":true,"audioPlay":false,"sceneViewState":{"m_AlwaysRefresh":false,"showFog":true,"showSkybox":true,"showFlares":true,"showImageEffects":true,"showParticleSystems":true,"showVisualEffectGraphs":true,"m_FxEnabled":true},"in2DMode":false,"pivot":{"x":-18.040145874023439,"y":29.526243209838868,"z":-34.515628814697269},"rotation":{"x":0.07350160926580429,"y":0.423804372549057,"z":-0.034562379121780398,"w":0.9021439552307129},"size":0.40214887261390688,"orthographic":false}